{"cameraMode":{"drawMode":0,"name":"Shaded","section":"Shading Mode"},"sceneLighting":false,"audioPlay":false,"sceneViewState":{"m_AlwaysRefresh":false,"showFog":true,"showSkybox":false,"showFlares":true,"showImageEffects":true,"showParticleSystems":true,"showVisualEffectGraphs":true,"m_FxEnabled":true},"in2DMode":false,"pivot":{"x":-22.270000457763673,"y":1.6453571319580079,"z":-24.389999389648439},"rotation":{"x":0.27448317408561709,"y":-0.2666804790496826,"z":0.07955337315797806,"w":0.9204761385917664},"size":1.400726318359375,"orthographic":false}